<?xml version="1.0" standalone="yes"?>
<DiskPartTemplates>
	<DiskPartTemplate>
		<Name>Create Drive</Name>
		<Script>
			select disk=%DiskDriveIndex%
			online disk noerr
			attributes disk clear readonly noerr
			convert mbr noerr
			create partition primary
			format fs=ntfs quick unit=64K label="%Label%"
			assign letter=%DriveLetter%
		</Script>
	</DiskPartTemplate>
	<DiskPartTemplate>
		<Name>Create Mount Point</Name>
		<Script>
			select disk=%DiskDriveIndex%
			online disk noerr
			attributes disk clear readonly noerr
			convert mbr noerr
			create partition primary
			format fs=ntfs quick unit=4K label="%Label%"
			assign letter=%DriveLetter%
		</Script>
	</DiskPartTemplate>
	<DiskPartTemplate>
		<Name>Create Mount Drive</Name>
		<Script>
			select disk=%DiskDriveIndex%
			online disk noerr
			attributes disk clear readonly noerr
			convert mbr noerr
			create partition primary
			format fs=ntfs quick unit=64K label="%Label%"
			assign mount=%DriveLetter%\%Label%
		</Script>
	</DiskPartTemplate>
</DiskPartTemplates>	