<?xml version="1.0" standalone="yes"?>
<Products>
	<Product xmlns:xsi="http://www.w3.org/2001/XMLSchema-instance" xmlns:xsd="http://www.w3.org/2001/XMLSchema" HasParameters="true" HasFeatures="true">
		<Name>SQL Server 2008 R2</Name>
		<PRDName>SQL2008R2_SA</PRDName>
		<Version>1.0.0</Version>
		<Description>SQL Server 2008 R2 Stand Alone Unbundled PRD</Description>
		<SetupPath>C:\Support\SQLServer\SQL2008R2\Setup.exe</SetupPath>
		<LogDir></LogDir>
		<QuickGuide>http://itdoclib.intel.com/getdoc.asp?id=123843</QuickGuide>
		<SubPath>10_50.</SubPath>
		<PreferredPRD>WS08R2_Std_|WS08R2_Base_</PreferredPRD>
		<Parameters>
			<Parameter Name="/Q" UserInput="true"> <!-- userinput = true but not handled because parameter is a switch -->
				<Value></Value>
			</Parameter>
			<Parameter Name="/ACTION" UserInput="false">
				<Value>install</Value>
			</Parameter>
			<Parameter Name="/INDICATEPROGRESS" UserInput="false">
				<Value>true</Value>
			</Parameter>			
			<Parameter Name="/ERRORREPORTING" UserInput="false">
				<Value>0</Value>
			</Parameter>		
			<Parameter Name="/FEATURES" UserInput="false"> <!-- placehodler features will be determined by what the user selects -->
				<Value> </Value>
			</Parameter>			
			<Parameter Name="/SQMREPORTING" UserInput="false">
				<Value>0</Value>
			</Parameter>
			<Parameter Name="/IACCEPTSQLSERVERLICENSETERMS " UserInput="true">
				<Value></Value>
			</Parameter>	
		</Parameters>
		<Features>
			<Feature Name="Instance Features" HasParameters="false" HasFeatures="true" CheckBox="false">
				<Description>Server features are instance-aware and have their own registry hives. They support multiple instances on a computer.</Description>
				<Features>			
					<Feature Name="Database Engine Services" HasParameters="true" HasFeatures="true" HasRequirements="true" HasPostConfig="true" CheckBox="true" IsShared="false">
						<Description>SQL Server Database Engine includes the Database Engine, the core service for storing, processing, and securing data, Replication, full-text search, and tools for managing relational and XML data.</Description>
						<Code>SQL</Code>
						<SFName>SQL</SFName>
						<Selected>true</Selected>
						<Parameters>
							<Parameter Name="/INSTANCENAME" UserInput="true">
								<Description>The SQL Server Instance Name</Description>
								<Value></Value>
							</Parameter>
							<Parameter Name="/SECURITYMODE" UserInput="false">
								<Value>SQL</Value>				
							</Parameter>
							<Parameter Name="/SAPWD" UserInput="true" IsPassword="true">
								<Description>The SQL Server SA Password</Description>
								<Value></Value>
							</Parameter>
							<Parameter Name="/SQLCOLLATION" UserInput="true">
								<Value></Value>
							</Parameter>
							<Parameter Name="/SQLSVCACCOUNT" UserInput="true">
								<Description>The SQL Server Service Startup Account</Description>
								<Value></Value>
							</Parameter>
							<Parameter Name="/SQLSVCPASSWORD" UserInput="true" IsPassword="true">
								<Description>The SQL Server Service Startup Account Password</Description>
								<Value></Value>
							</Parameter>
							<Parameter Name="/SQLSYSADMINACCOUNTS" UserInput="true">
								<Value></Value>
							</Parameter>
							<Parameter Name="/INSTALLSQLDATADIR" UserInput="true">
								<Value>[DATADRIVE]\</Value>
							</Parameter>
							<Parameter Name="/SQLBACKUPDIR" UserInput="true">
								<Value>[BACKUPDRIVE]\MSSQL[SUBPATH][INSTANCENAME]\MSSQL\Backup</Value>
							</Parameter>
							<Parameter Name="/SQLTEMPDBDIR" UserInput="true">
								<Value>[TEMPDBDRIVE]\MSSQL[SUBPATH][INSTANCENAME]\MSSQL\Data</Value>
							</Parameter>
							<Parameter Name="/SQLUSERDBDIR" UserInput="true">
								<Value>[DATADRIVE]\MSSQL[SUBPATH][INSTANCENAME]\MSSQL\Data</Value>
							</Parameter>
							<Parameter Name="/SQLTEMPDBLOGDIR" UserInput="true">
								<Value>[LOGDRIVE]\MSSQL[SUBPATH][INSTANCENAME]\MSSQL\Data</Value>
							</Parameter>
							<Parameter Name="/SQLUSERDBLOGDIR" UserInput="true">
								<Value>[LOGDRIVE]\MSSQL[SUBPATH][INSTANCENAME]\MSSQL\Data</Value>
							</Parameter>
							<Parameter Name="/AGTSVCACCOUNT" UserInput="true">
								<Description>The SQL Server Agent Service Startup Account</Description>
								<Value></Value>
							</Parameter>
							<Parameter Name="/AGTSVCPASSWORD" UserInput="true" IsPassword="true">
								<Description>The SQL Server Agent Service Startup Account Password</Description>
								<Value></Value>
							</Parameter>
							<Parameter Name="/AGTSVCSTARTUPTYPE" UserInput="false">
								<Value>Automatic</Value>
							</Parameter>
							<Parameter Name="/TCPENABLED" UserInput="false">
								<Value>1</Value>
							</Parameter>
							<Parameter Name="/NPENABLED" UserInput="false">
								<Value>1</Value>
							</Parameter>
						</Parameters>
						<Requirements>
							<string>\Shared Features\Backwards Compatibility</string>
							<string>\Shared Features\Connectivity Components</string>
						</Requirements>
						<PostConfig>C:\Support\SQLServer\Intel.Sql.Setup\SA_PRD_SQL2008_config.sql</PostConfig>
					</Feature>
					<Feature Name="Analysis Services" HasParameters="true" HasFeatures="false" HasRequirements="true" CheckBox="true" IsShared="false">
						<Description>Analysis Services includes the tools for creating and managing online analytical processing (OLAP) and data mining applications.</Description>
						<Code>AS</Code>
						<SFName>AS</SFName>
						<Selected>true</Selected>
						<Parameters>
							<Parameter Name="/INSTANCENAME" UserInput="true">
								<Description>The Analysis Services Instance Name</Description>
								<Value></Value>
							</Parameter>
							<Parameter Name="/ASCOLLATION" UserInput="true">
								<Value></Value>
							</Parameter>
							<Parameter Name="/ASSVCACCOUNT" UserInput="true">
								<Description>The Analysis Service Service Account</Description>
								<Value></Value>
							</Parameter>
							<Parameter Name="/ASSVCPASSWORD" UserInput="true" IsPassword="true">
								<Description>The Analysis Service Service Account Password</Description>
								<Value></Value>
							</Parameter>
							<Parameter Name="/ASSYSADMINACCOUNTS" UserInput="true">
								<Value></Value>
							</Parameter>
							<Parameter Name="/ASTEMPDIR" UserInput="true">
								<Value>[TEMPDBDRIVE]\MSAS[SUBPATH][INSTANCENAME]\OLAP\Temp</Value>
							</Parameter>
							<Parameter Name="/ASDATADIR" UserInput="true">
								<Value>[DATADRIVE]\MSAS[SUBPATH][INSTANCENAME]\OLAP\Data</Value>
							</Parameter>
							<Parameter Name="/ASCONFIGDIR" UserInput="true">
								<Value>[DATADRIVE]\MSAS[SUBPATH][INSTANCENAME]\OLAP\Config</Value>
							</Parameter>
							<Parameter Name="/ASLOGDIR" UserInput="true">
								<Value>[LOGDRIVE]\MSAS[SUBPATH][INSTANCENAME]\OLAP\Log</Value>
							</Parameter>
							<Parameter Name="/ASBACKUPDIR" UserInput="true">
								<Value>[BACKUPDRIVE]\MSAS[SUBPATH][INSTANCENAME]\OLAP\Backup</Value>
							</Parameter>
						</Parameters>
						<Requirements>
							<string>\Shared Features\Backwards Compatibility</string>
							<string>\Shared Features\Connectivity Components</string>
						</Requirements>
					</Feature>
					<Feature Name="Reporting Services" HasParameters="true" HasFeatures="false" HasRequirements="true" CheckBox="true" IsShared="false">
						<Description>Reporting Services includes server and client components for creating, managing, and deploying tabular, matrix, graphical, and free-form reports. Reporting Services is also an extensible platform that you can use to develop report applications.</Description>
						<Code>RS</Code>
						<SFName>RS</SFName>
						<Selected>true</Selected>
						<Parameters>
							<Parameter Name="/INSTANCENAME" UserInput="true">
								<Description>The Reporting Services Instance Name</Description>
								<Value></Value>
							</Parameter>
							<Parameter Name="/INSTANCEDIR" UserInput="true">
								<!--<Value>[RSDRIVE]\MSRS[SUBPATH][INSTANCENAME]</Value>-->
								<Value>[RSDRIVE]\</Value>
							</Parameter>
							<Parameter Name="/RSSVCACCOUNT" UserInput="true">
								<Description>The Reporting Service Service Account</Description>
								<Value></Value>
							</Parameter>
							<Parameter Name="/RSSVCPASSWORD" UserInput="true" IsPassword="true">
								<Description>The Reporting Service Service Account Password</Description>
								<Value></Value>
							</Parameter>
							<Parameter Name="/RSSVCSTARTUPTYPE" UserInput="false">
								<Value>Automatic</Value>
							</Parameter>
						</Parameters>
						<Requirements>
							<string>\Shared Features\Backwards Compatibility</string>
							<string>\Shared Features\Connectivity Components</string>
						</Requirements>
					</Feature>
				</Features>
			</Feature>
			<Feature Name="Shared Features" HasParameters="false" HasFeatures="true" CheckBox="false">
				<Description>Shared features are used by all SQL Server instances on a computer. They are installed only once per computer.</Description>
				<Features>
					<Feature Name="Backwards Compatibility" HasParameters="false" HasFeatures="false" IsRequired="true" CheckBox="true" IsShared="true">
						<Description>Backwards Compatibility</Description>
						<Code>BC</Code>
						<SFName>Tools_Legacy_Full</SFName>
						<Selected>true</Selected>
						<RequiredBy>
							<string>\Instance Features\Database Engine Services</string>
							<string>\Instance Features\Analysis Services</string>
							<string>\Instance Features\Reporting Services</string>
						</RequiredBy>
					</Feature>
					<Feature Name="SQL Server Books Online" HasParameters="false" HasFeatures="false" CheckBox="true" IsShared="true">
						<Description>SQL Server Books Online is the core documentation for SQL Server.</Description>
						<Code>BOL</Code>
						<SFName>SQL_BooksOnline_Redist</SFName>
						<Selected>true</Selected>
					</Feature>
					<Feature Name="Business Intelligence Development Studio" HasParameters="false" HasFeatures="false" CheckBox="true" IsShared="true">
						<Description>The Business Intelligence Development Studio is an IDE for Analysis Services, Reporting Services, and Integration Services solutions.</Description>
						<Code>BIDS</Code>
						<SFName>SQL_BIDS_Full</SFName>
						<Selected>true</Selected>
					</Feature>
					<Feature Name="Connectivity Components" HasParameters="false" HasFeatures="false" IsRequired="true" CheckBox="true" IsShared="true">
						<Description>Installs components for communication between clients and servers, and network libraries for DB-Library, ODBC, and OLE DB.</Description>
						<Code>Conn</Code>
						<SFName>Connectivity_Full</SFName>
						<Selected>true</Selected>
						<RequiredBy>
							<string>\Instance Features\Database Engine Services</string>
							<string>\Instance Features\Analysis Services</string>
							<string>\Instance Features\Reporting Services</string>
						</RequiredBy>
					</Feature>
					<Feature Name="Management Tools - Complete" HasParameters="false" HasFeatures="false" CheckBox="true" IsShared="true">
						<Description>SQL Server Management Studio is an integrated environment to access, configure, manage, administer, and develop components of SQL Server. Management Studio lets developers and administrators of all skill levels use SQL Server.</Description>
						<Code>ADV_SSMS</Code>
						<SFName>SQL_SSMS_Full</SFName>
						<Selected>true</Selected>
					</Feature>			
					<Feature Name="Integration Services" HasParameters="true" HasFeatures="false" CheckBox="true" IsShared="true">
						<Description>Integration Services is a set of graphical tools and programmable objects for moving, copying, and transforming data.</Description>
						<Code>IS</Code>	
						<SFName>SQL_DTS_Full</SFName>
						<Selected>true</Selected>
					</Feature>	
				</Features>
			</Feature>
		</Features>		
		<Collations>
			<SqlCollations>
				<string>SQL_Latin1_General_CP1_CI_AS</string>
				<string>Latin1_General_CI_AS</string>
				<string>Latin1_General_BIN</string>
				<string>SQL_Latin1_General_CP1_CS_AS</string>		
			</SqlCollations>
			<AsCollations>
				<string>Latin1_General_CI_AS</string>
				<string>Latin1_General_CI_AI</string>
				<string>Latin1_General_CS_AI</string>
				<string>Latin1_General_CS_AS</string>	
				<string>Latin1_General_BIN</string>				
			</AsCollations>
		</Collations>
		<RuleTasks>
			<Task xsi:type="Task_Delegate">
				<Name>The operating system version meets the minimum requirements for setup</Name>
				<MethodName>CheckOSVersion</MethodName>
				<Expected>6.0|6.1</Expected>
				<!-- 6.1.7600 -->
			</Task>
			<Task xsi:type="Task_Delegate">
				<Name>The account running setup has administrator rights on the server</Name>
				<MethodName>CheckUserAccount</MethodName>
			</Task>
			<Task xsi:type="Task_Delegate">
				<Name>The server does not require a restart</Name>
				<MethodName>CheckRestart</MethodName>
			</Task>
			<Task xsi:type="Task_Delegate">
				<Name>The server was built using a PRD that meets the requirements for setup</Name>
				<MethodName>CheckPrdBuild</MethodName>
				<Expected>WS08_Std|WS08R2_Std|WS08_Base|WS08R2_Base</Expected>
				<!-- <Expected>R2</Expected> -->
			</Task>
			<Task xsi:type="Task_Delegate">
				<Name>The server must be successfuly joined to a domain</Name>
				<MethodName>CheckDomain</MethodName>
				<Expected>.intel.com</Expected>
			</Task>
			<Task xsi:type="Task_Delegate">
				<Name>The server must have one or more non-OS logical disk(s) configured</Name>
				<MethodName>CheckLogicalDisks</MethodName>
			</Task>
			<Task xsi:type="Task_Delegate">
				<Name>The server must not have incompatible versions of SQL server installed</Name>
				<MethodName>CheckSqlServer</MethodName>
				<Expected>10.50.</Expected>
				<!-- 10.50 - 10.90 -->
			</Task>
			<Task xsi:type="Task_Delegate">
				<Name>The server must not have the BigFix security baseline running (if running wait until after server is recycled to try again)</Name>
				<MethodName>CheckBigFixBaseline</MethodName>
			</Task>
	  </RuleTasks>
		<CopyItems>
			<CopyItem>
				<Description>Copy SQL Server 2008 R2 setup files to local server</Description>
				<Command>c:\windows\system32\robocopy.exe</Command>
				<Parameters>/E /Z /IS /XD \\amr.corp.intel.com\dfh\srvcli\3588\SQLServer\SQL2008R2\SQL2008R2\1033_ENU_LP\x86</Parameters>
				<ExpectedExitCode>0-3</ExpectedExitCode>
				<Source>\\amr.corp.intel.com\dfh\srvcli\3588\SQLServer\SQL2008R2\SQL2008R2</Source>
				<Destination>C:\Support\SQLServer\SQL2008R2</Destination>
				<Compare>399|1683|\x64\setup100.exe</Compare>
			</CopyItem>
		</CopyItems>
	</Product>
	<Product xmlns:xsi="http://www.w3.org/2001/XMLSchema-instance" xmlns:xsd="http://www.w3.org/2001/XMLSchema" HasParameters="true" HasFeatures="true">
		<Name>SQL Server 2008</Name>
		<PRDName>SQL2008_SA</PRDName>
		<Version>1.2.0</Version>
		<Description>SQL Server 2008 Stand Alone Unbundled PRD</Description>
		<SetupPath>C:\Support\SQLServer\SQL2008\Setup.exe</SetupPath>
		<LogDir></LogDir>
		<QuickGuide>http://itdoclib.intel.com/getdoc.asp?id=121818</QuickGuide>
		<SubPath>10.</SubPath>
		<PreferredPRD>WS08_Std_|WS08_Base_</PreferredPRD>
		<Parameters>
			<Parameter Name="/PCUSource" UserInput="false">
				<Value>C:\Support\SQLServer\SQL2008\PCU</Value>
			</Parameter>
			<Parameter Name="/Q" UserInput="true"> <!-- userinput = true but not handled because parameter is a switch -->
				<Value></Value>
			</Parameter>
			<Parameter Name="/ACTION" UserInput="false">
				<Value>install</Value>
			</Parameter>
			<Parameter Name="/INDICATEPROGRESS" UserInput="false">
				<Value>true</Value>
			</Parameter>			
			<Parameter Name="/ERRORREPORTING" UserInput="false">
				<Value>0</Value>
			</Parameter>		
			<Parameter Name="/FEATURES" UserInput="false"> <!-- placehodler features will be determined by what the user selects -->
				<Value> </Value>
			</Parameter>			
			<Parameter Name="/SQMREPORTING" UserInput="false">
				<Value>0</Value>
			</Parameter>
		</Parameters>
		<Features>
			<Feature Name="Instance Features" HasParameters="false" HasFeatures="true" CheckBox="false">
				<Description>Server features are instance-aware and have their own registry hives. They support multiple instances on a computer.</Description>
				<Features>			
					<Feature Name="Database Engine Services" HasParameters="true" HasFeatures="true" HasRequirements="true" HasPostConfig="true" CheckBox="true" IsShared="false">
						<Description>SQL Server Database Engine includes the Database Engine, the core service for storing, processing, and securing data, Replication, full-text search, and tools for managing relational and XML data.</Description>
						<Code>SQL</Code>
						<SFName>SQL</SFName>
						<Selected>true</Selected>
						<Parameters>
							<Parameter Name="/INSTANCENAME" UserInput="true">
								<Description>The SQL Server Instance Name</Description>
								<Value></Value>
							</Parameter>
							<Parameter Name="/SECURITYMODE" UserInput="false">
								<Value>SQL</Value>				
							</Parameter>
							<Parameter Name="/SAPWD" UserInput="true">
								<Description>The SQL Server SA Password</Description>
								<Value></Value>
							</Parameter>
							<Parameter Name="/SQLCOLLATION" UserInput="true">
								<Value></Value>
							</Parameter>
							<Parameter Name="/SQLSVCACCOUNT" UserInput="true">
								<Description>The SQL Server Service Account</Description>
								<Value></Value>
							</Parameter>
							<Parameter Name="/SQLSVCPASSWORD" UserInput="true">
								<Description>The SQL Server Service Account Password</Description>
								<Value></Value>
							</Parameter>
							<Parameter Name="/SQLSYSADMINACCOUNTS" UserInput="true">
								<Value></Value>
							</Parameter>
							<Parameter Name="/INSTALLSQLDATADIR" UserInput="true">
								<Value>[DATADRIVE]\</Value>
							</Parameter>
							<Parameter Name="/SQLBACKUPDIR" UserInput="true">
								<Value>[BACKUPDRIVE]\MSSQL[SUBPATH][INSTANCENAME]\MSSQL\Backup</Value>
							</Parameter>
							<Parameter Name="/SQLTEMPDBDIR" UserInput="true">
								<Value>[TEMPDBDRIVE]\MSSQL[SUBPATH][INSTANCENAME]\MSSQL\Data</Value>
							</Parameter>
							<Parameter Name="/SQLUSERDBDIR" UserInput="true">
								<Value>[DATADRIVE]\MSSQL[SUBPATH][INSTANCENAME]\MSSQL\Data</Value>
							</Parameter>
							<Parameter Name="/SQLTEMPDBLOGDIR" UserInput="true">
								<Value>[LOGDRIVE]\MSSQL[SUBPATH][INSTANCENAME]\MSSQL\Data</Value>
							</Parameter>
							<Parameter Name="/SQLUSERDBLOGDIR" UserInput="true">
								<Value>[LOGDRIVE]\MSSQL[SUBPATH][INSTANCENAME]\MSSQL\Data</Value>
							</Parameter>
							<Parameter Name="/AGTSVCACCOUNT" UserInput="true">
								<Description>The SQL Server Agent Service Account</Description>
								<Value></Value>
							</Parameter>
							<Parameter Name="/AGTSVCPASSWORD" UserInput="true">
								<Description>The SQL Server Agent Service Account Password</Description>
								<Value></Value>
							</Parameter>
							<Parameter Name="/AGTSVCSTARTUPTYPE" UserInput="false">
								<Value>Automatic</Value>
							</Parameter>
							<Parameter Name="/TCPENABLED" UserInput="false">
								<Value>1</Value>
							</Parameter>
							<Parameter Name="/NPENABLED" UserInput="false">
								<Value>1</Value>
							</Parameter>
						</Parameters>
						<Requirements>
							<string>\Shared Features\Backwards Compatibility</string>
							<string>\Shared Features\Connectivity Components</string>
						</Requirements>
						<PostConfig>C:\Support\SQLServer\Intel.Sql.Setup\SA_PRD_SQL2008_config.sql</PostConfig>
					</Feature>
					<Feature Name="Analysis Services" HasParameters="true" HasFeatures="false" HasRequirements="true" CheckBox="true" IsShared="false">
						<Description>Analysis Services includes the tools for creating and managing online analytical processing (OLAP) and data mining applications.</Description>
						<Code>AS</Code>
						<SFName>AS</SFName>
						<Selected>true</Selected>
						<Parameters>
							<Parameter Name="/INSTANCENAME" UserInput="true">
								<Description>The Analysis Services Instance Name</Description>
								<Value></Value>
							</Parameter>
							<Parameter Name="/ASCOLLATION" UserInput="true">
								<Value></Value>
							</Parameter>
							<Parameter Name="/ASSVCACCOUNT" UserInput="true">
								<Description>The Analysis Services Service Account</Description>
								<Value></Value>
							</Parameter>
							<Parameter Name="/ASSVCPASSWORD" UserInput="true">
								<Description>The Analysis Services Service Account Password</Description>
								<Value></Value>
							</Parameter>
							<Parameter Name="/ASSYSADMINACCOUNTS" UserInput="true">
								<Value></Value>
							</Parameter>
							<Parameter Name="/ASTEMPDIR" UserInput="true">
								<Value>[TEMPDBDRIVE]\MSAS[SUBPATH][INSTANCENAME]\OLAP\Temp</Value>
							</Parameter>
							<Parameter Name="/ASDATADIR" UserInput="true">
								<Value>[DATADRIVE]\MSAS[SUBPATH][INSTANCENAME]\OLAP\Data</Value>
							</Parameter>
							<Parameter Name="/ASCONFIGDIR" UserInput="true">
								<Value>[DATADRIVE]\MSAS[SUBPATH][INSTANCENAME]\OLAP\Config</Value>
							</Parameter>
							<Parameter Name="/ASLOGDIR" UserInput="true">
								<Value>[LOGDRIVE]\MSAS[SUBPATH][INSTANCENAME]\OLAP\Log</Value>
							</Parameter>
							<Parameter Name="/ASBACKUPDIR" UserInput="true">
								<Value>[BACKUPDRIVE]\MSAS[SUBPATH][INSTANCENAME]\OLAP\Backup</Value>
							</Parameter>
						</Parameters>
						<Requirements>
							<string>\Shared Features\Backwards Compatibility</string>
							<string>\Shared Features\Connectivity Components</string>
						</Requirements>
					</Feature>
					<Feature Name="Reporting Services" HasParameters="true" HasFeatures="false" HasRequirements="true" CheckBox="true" IsShared="false">
						<Description>Reporting Services includes server and client components for creating, managing, and deploying tabular, matrix, graphical, and free-form reports. Reporting Services is also an extensible platform that you can use to develop report applications.</Description>
						<Code>RS</Code>
						<SFName>RS</SFName>
						<Selected>true</Selected>
						<Parameters>
							<Parameter Name="/INSTANCENAME" UserInput="true">
								<Description>The Reporting Services Instance Name</Description>
								<Value></Value>
							</Parameter>
							<Parameter Name="/INSTANCEDIR" UserInput="true">
								<!--<Value>[RSDRIVE]\MSRS[SUBPATH][INSTANCENAME]</Value>-->
								<Value>[RSDRIVE]\</Value>
							</Parameter>
							<Parameter Name="/RSSVCACCOUNT" UserInput="true">
								<Description>The Reporting Services Service Account</Description>
								<Value></Value>
							</Parameter>
							<Parameter Name="/RSSVCPASSWORD" UserInput="true">
								<Description>The Reporting Services Service Account Password</Description>
								<Value></Value>
							</Parameter>
							<Parameter Name="/RSSVCSTARTUPTYPE" UserInput="false">
								<Value>Automatic</Value>
							</Parameter>
						</Parameters>
						<Requirements>
							<string>\Shared Features\Backwards Compatibility</string>
							<string>\Shared Features\Connectivity Components</string>
						</Requirements>
					</Feature>
				</Features>
			</Feature>
			<Feature Name="Shared Features" HasParameters="false" HasFeatures="true" CheckBox="false">
				<Description>Shared features are used by all SQL Server instances on a computer. They are installed only once per computer.</Description>
				<Features>
					<Feature Name="Backwards Compatibility" HasParameters="false" HasFeatures="false" IsRequired="true" CheckBox="true" IsShared="true">
						<Description>Backwards Compatibility</Description>
						<Code>BC</Code>
						<SFName>Tools_Legacy_Full</SFName>
						<Selected>true</Selected>
						<RequiredBy>
							<string>\Instance Features\Database Engine Services</string>
							<string>\Instance Features\Analysis Services</string>
							<string>\Instance Features\Reporting Services</string>
						</RequiredBy>
					</Feature>
					<Feature Name="SQL Server Books Online" HasParameters="false" HasFeatures="false" CheckBox="true" IsShared="true">
						<Description>SQL Server Books Online is the core documentation for SQL Server.</Description>
						<Code>BOL</Code>
						<SFName>SQL_BooksOnline_Redist</SFName>
						<Selected>true</Selected>
					</Feature>
					<Feature Name="Business Intelligence Development Studio" HasParameters="false" HasFeatures="false" CheckBox="true" IsShared="true">
						<Description>The Business Intelligence Development Studio is an IDE for Analysis Services, Reporting Services, and Integration Services solutions.</Description>
						<Code>BIDS</Code>
						<SFName>SQL_BIDS_Full</SFName>
						<Selected>true</Selected>
					</Feature>
					<Feature Name="Connectivity Components" HasParameters="false" HasFeatures="false" IsRequired="true" CheckBox="true" IsShared="true">
						<Description>Installs components for communication between clients and servers, and network libraries for DB-Library, ODBC, and OLE DB.</Description>
						<Code>Conn</Code>
						<SFName>Connectivity_Full</SFName>
						<Selected>true</Selected>
						<RequiredBy>
							<string>\Instance Features\Database Engine Services</string>
							<string>\Instance Features\Analysis Services</string>
							<string>\Instance Features\Reporting Services</string>
						</RequiredBy>
					</Feature>
					<Feature Name="Management Tools - Complete" HasParameters="false" HasFeatures="false" CheckBox="true" IsShared="true">
						<Description>SQL Server Management Studio is an integrated environment to access, configure, manage, administer, and develop components of SQL Server. Management Studio lets developers and administrators of all skill levels use SQL Server.</Description>
						<Code>ADV_SSMS</Code>
						<SFName>SQL_SSMS_Full</SFName>
						<Selected>true</Selected>
					</Feature>			
					<Feature Name="Integration Services" HasParameters="true" HasFeatures="false" CheckBox="true" IsShared="true">
						<Description>Integration Services is a set of graphical tools and programmable objects for moving, copying, and transforming data.</Description>
						<Code>IS</Code>	
						<SFName>SQL_DTS_Full</SFName>
						<Selected>true</Selected>
					</Feature>	
				</Features>
			</Feature>
		</Features>		
		<Collations>
			<SqlCollations>
				<string>SQL_Latin1_General_CP1_CI_AS</string>
				<string>Latin1_General_CI_AS</string>
				<string>Latin1_General_BIN</string>
				<string>SQL_Latin1_General_CP1_CS_AS</string>		
			</SqlCollations>
			<AsCollations>
				<string>Latin1_General_CI_AS</string>
				<string>Latin1_General_CI_AI</string>
				<string>Latin1_General_CS_AI</string>
				<string>Latin1_General_CS_AS</string>	
				<string>Latin1_General_BIN</string>				
			</AsCollations>
		</Collations>
		<RuleTasks>
			<Task xsi:type="Task_Delegate">
				<Name>The operating system version meets the minimum requirements for setup</Name>
				<MethodName>CheckOSVersion</MethodName>
				<Expected>6.0|6.1</Expected> 
				<!-- 6.1.7600 -->
			</Task>
			<Task xsi:type="Task_Delegate">
				<Name>The account running setup has administrator rights on the server</Name>
				<MethodName>CheckUserAccount</MethodName>
			</Task>
			<Task xsi:type="Task_Delegate">
				<Name>The server does not require a restart</Name>
				<MethodName>CheckRestart</MethodName>
			</Task>
			<Task xsi:type="Task_Delegate">
				<Name>The server was built using a PRD that meets the requirements for setup</Name>
				<MethodName>CheckPrdBuild</MethodName>
				<Expected>WS08_Std|WS08R2_Std|WS08_Base|WS08R2_Base</Expected>
				<!-- <Expected>R2</Expected> -->			
			</Task>
			<Task xsi:type="Task_Delegate">
				<Name>The server must be successfuly joined to a domain</Name>
				<MethodName>CheckDomain</MethodName>
				<Expected>.intel.com</Expected>
			</Task>
			<Task xsi:type="Task_Delegate">
				<Name>The server must have one or more non-OS logical disk(s) configured</Name>
				<MethodName>CheckLogicalDisks</MethodName>
			</Task>
			<Task xsi:type="Task_Delegate">
				<Name>The server must not have incompatible versions of SQL server installed</Name>
				<MethodName>CheckSqlServer</MethodName>
				<Expected>10.0.</Expected>
				<!-- 10.0,10.49 -->
			</Task>
			<Task xsi:type="Task_Delegate">
				<Name>The server must not have the BigFix security baseline running (if running wait until after server is recycled to try again)</Name>
				<MethodName>CheckBigFixBaseline</MethodName>
			</Task>
	  </RuleTasks>
		<CopyItems>
			<CopyItem>
				<Description>Copy SQL Server 2008 setup files to local server</Description>
				<Command>c:\windows\system32\robocopy.exe</Command>
				<Parameters>/E /Z /IS /XD \\amr.corp.intel.com\dfh\srvcli\3588\SQLServer\SQL2008\SQL2008\x86</Parameters>
				<ExpectedExitCode>0-3</ExpectedExitCode>
				<Source>\\amr.corp.intel.com\dfh\srvcli\3588\SQLServer\SQL2008\SQL2008</Source>
				<Destination>C:\Support\SQLServer\SQL2008</Destination>
				<Compare>340|1457|\x64\setup100.exe</Compare>
				<!--<Compare>338|1442|\x64\setup100.exe</Compare>-->				
			</CopyItem>
			<CopyItem>
				<Description>Copy SQL Server 2008 SP2 setup files to local server</Description>
				<Command>c:\windows\system32\robocopy.exe</Command>
				<Parameters>/E /Z /IS</Parameters>
				<ExpectedExitCode>0-3</ExpectedExitCode>
				<Source>\\amr.corp.intel.com\dfh\srvcli\3588\SQLServer\SQL2008\ServicePacks\SP2</Source>
				<Destination>C:\Support\SQLServer\SQL2008\PCU</Destination>
				<Compare>91|620|\x64\setup100.exe</Compare>
				<!--<Compare>160|1162|\x64\setup100.exe</Compare>-->
			</CopyItem>
			<CopyItem>
				<Description>Slipstream SQL Server 2008 SP2 setup.exe</Description>
				<Command>c:\windows\system32\robocopy.exe</Command>
				<Parameters>Setup.exe</Parameters>
				<ExpectedExitCode>1</ExpectedExitCode>
				<Source>C:\Support\SQLServer\SQL2008\PCU</Source>
				<Destination>C:\Support\SQLServer\SQL2008</Destination>
				<Compare>slipstream</Compare>
			</CopyItem>
			<CopyItem>
				<Description>Slipstream SQL Server 2008 SP2 setup.rll</Description>
				<Command>c:\windows\system32\robocopy.exe</Command>
				<Parameters>Setup.rll</Parameters>
				<ExpectedExitCode>1</ExpectedExitCode>
				<Source>C:\Support\SQLServer\SQL2008\PCU</Source>
				<Destination>C:\Support\SQLServer\SQL2008</Destination>
				<Compare>slipstream</Compare>
			</CopyItem>
			<CopyItem>
				<Description>Slipstream SQL Server 2008 SP2 x64 directory</Description>
				<Command>c:\windows\system32\robocopy.exe</Command>
				<Parameters>/XF Microsoft.SQL.Chainer.PackageData.dll</Parameters>
				<ExpectedExitCode>3</ExpectedExitCode>
				<Source>C:\Support\SQLServer\SQL2008\PCU\x64</Source>
				<Destination>C:\Support\SQLServer\SQL2008\x64</Destination>
				<Compare>slipstream</Compare>
			</CopyItem>
		</CopyItems>
	</Product>		
</Products>